{"ts": 1774908794.5273628, "data": {"WSH": {"gp": 74, "gf_pg": 3.1081, "ga_pg": 2.87837, "gf_total": 230, "ga_total": 213, "shots_for_pg": 28.39189, "shots_against_pg": 28.32432, "pp_pct": 0.171171, "pk_pct": 0.797414, "wins": 37, "losses": 28, "ot_losses": 9, "win_pct": 0.5, "hits_pg": 19.824324324324323, "blocks_pg": 15.932432432432432, "giveaways_pg": 14.905405405405405, "takeaways_pg": 4.472972972972973, "takeaway_ratio": 0.300090661831369, "corsi_pct_5v5": 50, "fenwick_pct_5v5": 50, "shooting_pct_5v5": 0, "save_pct_5v5": 0, "pdo_5v5": 0, "zone_start_off_pct": 50, "pp_opportunities_pg": 3.0, "pp_goals_pg": 0.0, "pk_opportunities_pg": 0.0, "faceoff_win_pct": 0.49698}, "NJD": {"gp": 73, "gf_pg": 2.73972, "ga_pg": 3.05479, "gf_total": 200, "ga_total": 223, "shots_for_pg": 29.9452, "shots_against_pg": 27.50684, "pp_pct": 0.223404, "pk_pct": 0.794595, "wins": 38, "losses": 33, "ot_losses": 2, "win_pct": 0.5205479452054794, "hits_pg": 19.17808219178082, "blocks_pg": 14.191780821917808, "giveaways_pg": 15.493150684931507, "takeaways_pg": 4.739726027397261, "takeaway_ratio": 0.3059239610963749, "corsi_pct_5v5": 50, "fenwick_pct_5v5": 50, "shooting_pct_5v5": 0, "save_pct_5v5": 0, "pdo_5v5": 0, "zone_start_off_pct": 50, "pp_opportunities_pg": 2.5753424657534247, "pp_goals_pg": 0.0, "pk_opportunities_pg": 0.0, "faceoff_win_pct": 0.50901}, "VGK": {"gp": 74, "gf_pg": 3.12162, "ga_pg": 3.06756, "gf_total": 231, "ga_total": 227, "shots_for_pg": 28.63513, "shots_against_pg": 24.32432, "pp_pct": 0.245283, "pk_pct": 0.818182, "wins": 32, "losses": 26, "ot_losses": 16, "win_pct": 0.43243243243243246, "hits_pg": 20.85135135135135, "blocks_pg": 14.635135135135135, "giveaways_pg": 15.783783783783784, "takeaways_pg": 4.364864864864865, "takeaway_ratio": 0.276541095890411, "corsi_pct_5v5": 50, "fenwick_pct_5v5": 50, "shooting_pct_5v5": 0, "save_pct_5v5": 0, "pdo_5v5": 0, "zone_start_off_pct": 50, "pp_opportunities_pg": 2.864864864864865, "pp_goals_pg": 0.0, "pk_opportunities_pg": 0.0, "faceoff_win_pct": 0.51127}, "VAN": {"gp": 72, "gf_pg": 2.5, "ga_pg": 3.76388, "gf_total": 180, "ga_total": 271, "shots_for_pg": 26.15277, "shots_against_pg": 29.63888, "pp_pct": 0.193396, "pk_pct": 0.706731, "wins": 21, "losses": 43, "ot_losses": 8, "win_pct": 0.2916666666666667, "hits_pg": 21.305555555555557, "blocks_pg": 13.63888888888889, "giveaways_pg": 15.402777777777779, "takeaways_pg": 4.527777777777778, "takeaway_ratio": 0.2939585211902615, "corsi_pct_5v5": 50, "fenwick_pct_5v5": 50, "shooting_pct_5v5": 0, "save_pct_5v5": 0, "pdo_5v5": 0, "zone_start_off_pct": 50, "pp_opportunities_pg": 2.9444444444444446, "pp_goals_pg": 0.0, "pk_opportunities_pg": 0.0, "faceoff_win_pct": 0.49069}, "ANA": {"gp": 73, "gf_pg": 3.24657, "ga_pg": 3.43835, "gf_total": 237, "ga_total": 251, "shots_for_pg": 30.41095, "shots_against_pg": 28.9863, "pp_pct": 0.183406, "pk_pct": 0.783899, "wins": 41, "losses": 28, "ot_losses": 4, "win_pct": 0.5616438356164384, "hits_pg": 21.10958904109589, "blocks_pg": 14.726027397260275, "giveaways_pg": 14.945205479452055, "takeaways_pg": 5.027397260273973, "takeaway_ratio": 0.3363886342804766, "corsi_pct_5v5": 50, "fenwick_pct_5v5": 50, "shooting_pct_5v5": 0, "save_pct_5v5": 0, "pdo_5v5": 0, "zone_start_off_pct": 50, "pp_opportunities_pg": 3.136986301369863, "pp_goals_pg": 0.0, "pk_opportunities_pg": 0.0, "faceoff_win_pct": 0.47629}, "STL": {"gp": 72, "gf_pg": 2.63888, "ga_pg": 3.09722, "gf_total": 190, "ga_total": 223, "shots_for_pg": 25.25, "shots_against_pg": 27.5, "pp_pct": 0.167567, "pk_pct": 0.76382, "wins": 31, "losses": 30, "ot_losses": 11, "win_pct": 0.4305555555555556, "hits_pg": 22.583333333333332, "blocks_pg": 13.819444444444445, "giveaways_pg": 13.625, "takeaways_pg": 4.402777777777778, "takeaway_ratio": 0.32313965341488277, "corsi_pct_5v5": 50, "fenwick_pct_5v5": 50, "shooting_pct_5v5": 0, "save_pct_5v5": 0, "pdo_5v5": 0, "zone_start_off_pct": 50, "pp_opportunities_pg": 2.5694444444444446, "pp_goals_pg": 0.0, "pk_opportunities_pg": 0.0, "faceoff_win_pct": 0.49365}, "DAL": {"gp": 74, "gf_pg": 3.33783, "ga_pg": 2.68918, "gf_total": 247, "ga_total": 199, "shots_for_pg": 25.62162, "shots_against_pg": 26.39189, "pp_pct": 0.28761, "pk_pct": 0.808889, "wins": 44, "losses": 18, "ot_losses": 12, "win_pct": 0.5945945945945946, "hits_pg": 19.04054054054054, "blocks_pg": 15.0, "giveaways_pg": 14.22972972972973, "takeaways_pg": 4.662162162162162, "takeaway_ratio": 0.32763532763532766, "corsi_pct_5v5": 50, "fenwick_pct_5v5": 50, "shooting_pct_5v5": 0, "save_pct_5v5": 0, "pdo_5v5": 0, "zone_start_off_pct": 50, "pp_opportunities_pg": 3.054054054054054, "pp_goals_pg": 0.0, "pk_opportunities_pg": 0.0, "faceoff_win_pct": 0.51881}, "DET": {"gp": 73, "gf_pg": 2.9178, "ga_pg": 2.9452, "gf_total": 213, "ga_total": 215, "shots_for_pg": 28.41095, "shots_against_pg": 27.72602, "pp_pct": 0.219298, "pk_pct": 0.773685, "wins": 39, "losses": 26, "ot_losses": 8, "win_pct": 0.5342465753424658, "hits_pg": 17.794520547945204, "blocks_pg": 16.19178082191781, "giveaways_pg": 14.684931506849315, "takeaways_pg": 4.438356164383562, "takeaway_ratio": 0.30223880597014924, "corsi_pct_5v5": 50, "fenwick_pct_5v5": 50, "shooting_pct_5v5": 0, "save_pct_5v5": 0, "pdo_5v5": 0, "zone_start_off_pct": 50, "pp_opportunities_pg": 3.1232876712328768, "pp_goals_pg": 0.0, "pk_opportunities_pg": 0.0, "faceoff_win_pct": 0.50795}, "OTT": {"gp": 73, "gf_pg": 3.30136, "ga_pg": 3.05479, "gf_total": 241, "ga_total": 223, "shots_for_pg": 28.9589, "shots_against_pg": 24.28767, "pp_pct": 0.228813, "pk_pct": 0.751174, "wins": 38, "losses": 25, "ot_losses": 10, "win_pct": 0.5205479452054794, "hits_pg": 23.945205479452056, "blocks_pg": 13.63013698630137, "giveaways_pg": 13.863013698630137, "takeaways_pg": 5.095890410958904, "takeaway_ratio": 0.3675889328063241, "corsi_pct_5v5": 50, "fenwick_pct_5v5": 50, "shooting_pct_5v5": 0, "save_pct_5v5": 0, "pdo_5v5": 0, "zone_start_off_pct": 50, "pp_opportunities_pg": 3.232876712328767, "pp_goals_pg": 0.0, "pk_opportunities_pg": 0.0, "faceoff_win_pct": 0.54578}, "WPG": {"gp": 73, "gf_pg": 2.83561, "ga_pg": 3.02739, "gf_total": 207, "ga_total": 221, "shots_for_pg": 26.34246, "shots_against_pg": 27.9863, "pp_pct": 0.171568, "pk_pct": 0.783252, "wins": 31, "losses": 30, "ot_losses": 12, "win_pct": 0.4246575342465753, "hits_pg": 21.958904109589042, "blocks_pg": 13.986301369863014, "giveaways_pg": 14.205479452054794, "takeaways_pg": 4.082191780821918, "takeaway_ratio": 0.28736740597878496, "corsi_pct_5v5": 50, "fenwick_pct_5v5": 50, "shooting_pct_5v5": 0, "save_pct_5v5": 0, "pdo_5v5": 0, "zone_start_off_pct": 50, "pp_opportunities_pg": 2.7945205479452055, "pp_goals_pg": 0.0, "pk_opportunities_pg": 0.0, "faceoff_win_pct": 0.50787}, "COL": {"gp": 72, "gf_pg": 3.68055, "ga_pg": 2.45833, "gf_total": 265, "ga_total": 177, "shots_for_pg": 33.63888, "shots_against_pg": 26.125, "pp_pct": 0.171673, "pk_pct": 0.836539, "wins": 48, "losses": 14, "ot_losses": 10, "win_pct": 0.6666666666666666, "hits_pg": 17.09722222222222, "blocks_pg": 12.777777777777779, "giveaways_pg": 15.555555555555555, "takeaways_pg": 4.541666666666667, "takeaway_ratio": 0.29196428571428573, "corsi_pct_5v5": 50, "fenwick_pct_5v5": 50, "shooting_pct_5v5": 0, "save_pct_5v5": 0, "pdo_5v5": 0, "zone_start_off_pct": 50, "pp_opportunities_pg": 3.236111111111111, "pp_goals_pg": 0.0, "pk_opportunities_pg": 0.0, "faceoff_win_pct": 0.51468}, "NSH": {"gp": 74, "gf_pg": 2.91891, "ga_pg": 3.31081, "gf_total": 216, "ga_total": 245, "shots_for_pg": 27.83783, "shots_against_pg": 29.54054, "pp_pct": 0.223255, "pk_pct": 0.810811, "wins": 34, "losses": 31, "ot_losses": 9, "win_pct": 0.4594594594594595, "hits_pg": 19.364864864864863, "blocks_pg": 11.932432432432432, "giveaways_pg": 14.64864864864865, "takeaways_pg": 5.243243243243243, "takeaway_ratio": 0.35793357933579334, "corsi_pct_5v5": 50, "fenwick_pct_5v5": 50, "shooting_pct_5v5": 0, "save_pct_5v5": 0, "pdo_5v5": 0, "zone_start_off_pct": 50, "pp_opportunities_pg": 2.9054054054054053,