{"ts": 1774748361.6062646, "data": {"WSH": {"gp": 73, "gf_pg": 3.09589, "ga_pg": 2.86301, "gf_total": 226, "ga_total": 209, "shots_for_pg": 28.47945, "shots_against_pg": 28.31506, "pp_pct": 0.166666, "pk_pct": 0.798246, "wins": 36, "losses": 28, "ot_losses": 9, "win_pct": 0.4931506849315068, "hits_pg": 19.84931506849315, "blocks_pg": 15.972602739726028, "giveaways_pg": 14.835616438356164, "takeaways_pg": 4.424657534246576, "takeaway_ratio": 0.2982456140350877, "corsi_pct_5v5": 50, "fenwick_pct_5v5": 50, "shooting_pct_5v5": 0, "save_pct_5v5": 0, "pdo_5v5": 0, "zone_start_off_pct": 50, "pp_opportunities_pg": 2.958904109589041, "pp_goals_pg": 0.0, "pk_opportunities_pg": 0.0, "faceoff_win_pct": 0.49719}, "NJD": {"gp": 72, "gf_pg": 2.70833, "ga_pg": 3.05555, "gf_total": 195, "ga_total": 220, "shots_for_pg": 29.80555, "shots_against_pg": 27.45833, "pp_pct": 0.22043, "pk_pct": 0.796704, "wins": 37, "losses": 33, "ot_losses": 2, "win_pct": 0.5138888888888888, "hits_pg": 19.125, "blocks_pg": 14.194444444444445, "giveaways_pg": 15.38888888888889, "takeaways_pg": 4.722222222222222, "takeaway_ratio": 0.30685920577617326, "corsi_pct_5v5": 50, "fenwick_pct_5v5": 50, "shooting_pct_5v5": 0, "save_pct_5v5": 0, "pdo_5v5": 0, "zone_start_off_pct": 50, "pp_opportunities_pg": 2.5833333333333335, "pp_goals_pg": 0.0, "pk_opportunities_pg": 0.0, "faceoff_win_pct": 0.50789}, "VGK": {"gp": 73, "gf_pg": 3.10958, "ga_pg": 3.05479, "gf_total": 227, "ga_total": 223, "shots_for_pg": 28.63013, "shots_against_pg": 24.35616, "pp_pct": 0.245192, "pk_pct": 0.823205, "wins": 32, "losses": 26, "ot_losses": 15, "win_pct": 0.4383561643835616, "hits_pg": 20.931506849315067, "blocks_pg": 14.684931506849315, "giveaways_pg": 15.73972602739726, "takeaways_pg": 4.383561643835616, "takeaway_ratio": 0.278503046127067, "corsi_pct_5v5": 50, "fenwick_pct_5v5": 50, "shooting_pct_5v5": 0, "save_pct_5v5": 0, "pdo_5v5": 0, "zone_start_off_pct": 50, "pp_opportunities_pg": 2.8493150684931505, "pp_goals_pg": 0.0, "pk_opportunities_pg": 0.0, "faceoff_win_pct": 0.51119}, "VAN": {"gp": 71, "gf_pg": 2.49295, "ga_pg": 3.7183, "gf_total": 177, "ga_total": 264, "shots_for_pg": 26.04225, "shots_against_pg": 29.73239, "pp_pct": 0.192307, "pk_pct": 0.712196, "wins": 21, "losses": 42, "ot_losses": 8, "win_pct": 0.29577464788732394, "hits_pg": 21.154929577464788, "blocks_pg": 13.661971830985916, "giveaways_pg": 15.352112676056338, "takeaways_pg": 4.47887323943662, "takeaway_ratio": 0.29174311926605506, "corsi_pct_5v5": 50, "fenwick_pct_5v5": 50, "shooting_pct_5v5": 0, "save_pct_5v5": 0, "pdo_5v5": 0, "zone_start_off_pct": 50, "pp_opportunities_pg": 2.9295774647887325, "pp_goals_pg": 0.0, "pk_opportunities_pg": 0.0, "faceoff_win_pct": 0.49119}, "ANA": {"gp": 73, "gf_pg": 3.24657, "ga_pg": 3.43835, "gf_total": 237, "ga_total": 251, "shots_for_pg": 30.38356, "shots_against_pg": 28.9863, "pp_pct": 0.183406, "pk_pct": 0.783899, "wins": 41, "losses": 28, "ot_losses": 4, "win_pct": 0.5616438356164384, "hits_pg": 21.10958904109589, "blocks_pg": 14.726027397260275, "giveaways_pg": 14.945205479452055, "takeaways_pg": 5.027397260273973, "takeaway_ratio": 0.3363886342804766, "corsi_pct_5v5": 50, "fenwick_pct_5v5": 50, "shooting_pct_5v5": 0, "save_pct_5v5": 0, "pdo_5v5": 0, "zone_start_off_pct": 50, "pp_opportunities_pg": 3.136986301369863, "pp_goals_pg": 0.0, "pk_opportunities_pg": 0.0, "faceoff_win_pct": 0.47629}, "STL": {"gp": 71, "gf_pg": 2.60563, "ga_pg": 3.12676, "gf_total": 185, "ga_total": 222, "shots_for_pg": 25.07042, "shots_against_pg": 27.70422, "pp_pct": 0.163934, "pk_pct": 0.760205, "wins": 30, "losses": 30, "ot_losses": 11, "win_pct": 0.4225352112676056, "hits_pg": 22.718309859154928, "blocks_pg": 13.929577464788732, "giveaways_pg": 13.704225352112676, "takeaways_pg": 4.422535211267606, "takeaway_ratio": 0.3227132579650565, "corsi_pct_5v5": 50, "fenwick_pct_5v5": 50, "shooting_pct_5v5": 0, "save_pct_5v5": 0, "pdo_5v5": 0, "zone_start_off_pct": 50, "pp_opportunities_pg": 2.5774647887323945, "pp_goals_pg": 0.0, "pk_opportunities_pg": 0.0, "faceoff_win_pct": 0.49305}, "DAL": {"gp": 73, "gf_pg": 3.36986, "ga_pg": 2.69863, "gf_total": 246, "ga_total": 197, "shots_for_pg": 25.72602, "shots_against_pg": 26.34246, "pp_pct": 0.290178, "pk_pct": 0.810811, "wins": 44, "losses": 18, "ot_losses": 11, "win_pct": 0.6027397260273972, "hits_pg": 19.10958904109589, "blocks_pg": 15.136986301369863, "giveaways_pg": 14.301369863013699, "takeaways_pg": 4.671232876712328, "takeaway_ratio": 0.32662835249042144, "corsi_pct_5v5": 50, "fenwick_pct_5v5": 50, "shooting_pct_5v5": 0, "save_pct_5v5": 0, "pdo_5v5": 0, "zone_start_off_pct": 50, "pp_opportunities_pg": 3.0684931506849313, "pp_goals_pg": 0.0, "pk_opportunities_pg": 0.0, "faceoff_win_pct": 0.51981}, "DET": {"gp": 72, "gf_pg": 2.91666, "ga_pg": 2.91666, "gf_total": 210, "ga_total": 210, "shots_for_pg": 28.31944, "shots_against_pg": 27.75, "pp_pct": 0.221238, "pk_pct": 0.781915, "wins": 39, "losses": 25, "ot_losses": 8, "win_pct": 0.5416666666666666, "hits_pg": 17.73611111111111, "blocks_pg": 16.291666666666668, "giveaways_pg": 14.722222222222221, "takeaways_pg": 4.416666666666667, "takeaway_ratio": 0.3, "corsi_pct_5v5": 50, "fenwick_pct_5v5": 50, "shooting_pct_5v5": 0, "save_pct_5v5": 0, "pdo_5v5": 0, "zone_start_off_pct": 50, "pp_opportunities_pg": 3.138888888888889, "pp_goals_pg": 0.0, "pk_opportunities_pg": 0.0, "faceoff_win_pct": 0.50881}, "OTT": {"gp": 73, "gf_pg": 3.30136, "ga_pg": 3.05479, "gf_total": 241, "ga_total": 223, "shots_for_pg": 28.9589, "shots_against_pg": 24.28767, "pp_pct": 0.228813, "pk_pct": 0.751174, "wins": 38, "losses": 25, "ot_losses": 10, "win_pct": 0.5205479452054794, "hits_pg": 23.945205479452056, "blocks_pg": 13.643835616438356, "giveaways_pg": 13.863013698630137, "takeaways_pg": 5.095890410958904, "takeaway_ratio": 0.3675889328063241, "corsi_pct_5v5": 50, "fenwick_pct_5v5": 50, "shooting_pct_5v5": 0, "save_pct_5v5": 0, "pdo_5v5": 0, "zone_start_off_pct": 50, "pp_opportunities_pg": 3.232876712328767, "pp_goals_pg": 0.0, "pk_opportunities_pg": 0.0, "faceoff_win_pct": 0.54578}, "WPG": {"gp": 72, "gf_pg": 2.81944, "ga_pg": 3.04166, "gf_total": 203, "ga_total": 219, "shots_for_pg": 26.41666, "shots_against_pg": 28.05555, "pp_pct": 0.173267, "pk_pct": 0.78607, "wins": 30, "losses": 30, "ot_losses": 12, "win_pct": 0.4166666666666667, "hits_pg": 21.819444444444443, "blocks_pg": 13.930555555555555, "giveaways_pg": 14.222222222222221, "takeaways_pg": 4.041666666666667, "takeaway_ratio": 0.2841796875, "corsi_pct_5v5": 50, "fenwick_pct_5v5": 50, "shooting_pct_5v5": 0, "save_pct_5v5": 0, "pdo_5v5": 0, "zone_start_off_pct": 50, "pp_opportunities_pg": 2.8055555555555554, "pp_goals_pg": 0.0, "pk_opportunities_pg": 0.0, "faceoff_win_pct": 0.50799}, "COL": {"gp": 71, "gf_pg": 3.70422, "ga_pg": 2.43661, "gf_total": 263, "ga_total": 173, "shots_for_pg": 33.78873, "shots_against_pg": 26.19718, "pp_pct": 0.168831, "pk_pct": 0.834952, "wins": 48, "losses": 13, "ot_losses": 10, "win_pct": 0.676056338028169, "hits_pg": 17.04225352112676, "blocks_pg": 12.732394366197184, "giveaways_pg": 15.577464788732394, "takeaways_pg": 4.535211267605634, "takeaway_ratio": 0.2911392405063291, "corsi_pct_5v5": 50, "fenwick_pct_5v5": 50, "shooting_pct_5v5": 0, "save_pct_5v5": 0, "pdo_5v5": 0, "zone_start_off_pct": 50, "pp_opportunities_pg": 3.2535211267605635, "pp_goals_pg": 0.0, "pk_opportunities_pg": 0.0, "faceoff_win_pct": 0.51488}, "NSH": {"gp": 72, "gf_pg": 2.95833, "ga_pg": 3.30555, "gf_total": 213, "ga_total": 238, "shots_for_pg": 27.84722, "shots_against_pg": 29.52777, "pp_pct": 0.230769, "pk_pct": 0.805556, "wins": 34, "losses": 29, "ot_losses": 9, "win_pct": 0.4722222222222222, "hits_pg": 19.291666666666668, "blocks_pg": 12.0, "giveaways_pg": 14.597222222222221, "takeaways_pg": 5.305555555555555, "takeaway_ratio": 0.36346336822074216, "corsi_pct_5v5": 50, "fenwick_pct_5v5": 50, "shooting_pct_5v5": 0, "save_pct_5v5": 0, "pdo_5v5": 0, "zone_start_off_pct": 50,